{
    "orderList": [
        {
            "orderid": "0001",
            "customerName": "Zidan(1234)",
            "address": "Dhaka,Bangladesh",
            "orderDate": "Oct 18,2022",
            "status": "yes"
        },
        {
            "orderid": "0002",
            "customerName": "John(4567)",
            "address": "Sylhet,Banglagesh",
            "orderDate": "Nov 13,2022",
            "status": "no"
        },
        {
            "orderid": "0003",
            "customerName": "Maria(3411)",
            "address": "Dhaka,Bangladesh",
            "orderDate": "Oct 20,2022",
            "status": "yes"
        }
    ]
}
