{
    "countryList": [
        {
            "countryId": "1",
            "countryName": "Bangladesh",
            "cityList": [
                {
                    "cityId": "1",
                    "cityName": "Dhaka"
                },
                {
                    "cityId": "2",
                    "cityName": "Mymensingh"
                },
                {
                    "cityId": "3",
                    "cityName": "Rajshahi"
                },
                {
                    "cityId": "4",
                    "cityName": "Sylhet"
                }
            ]
        },
        {
            "countryId": "2",
            "countryName": "Russia",
            "cityList": [
                {
                    "cityId": "1",
                    "cityName": "Moskov"
                },
                {
                    "cityId": "2",
                    "cityName": "Kazan"
                },
                {
                    "cityId": "3",
                    "cityName": "Samara"
                },
                {
                    "cityId": "4",
                    "cityName": "Sochi"
                }
            ]
        },
        {
            "countryId": "3",
            "countryName": "USA",
            "cityList": [
                {
                    "cityId": "1",
                    "cityName": "New York"
                },
                {
                    "cityId": "2",
                    "cityName": "Miami"
                },
                {
                    "cityId": "3",
                    "cityName": "Las Vegas"
                }
            ]
        }
    ]
}
